
<RENDERBATCH>

  <RENDERIMG RASNAME="D:\DRS\LV3_Doko_Buha\SDK\SDK_Export\hw\imgs\microblaze_0.jpg" SVGNAME="D:\DRS\LV3_Doko_Buha\SDK\SDK_Export\hw\imgs\microblaze_0.svg" TMPSVGFN="D:\DRS\LV3_Doko_Buha\__xps\.dswkshop\microblaze_0.svg"/>

  <RENDERIMG RASNAME="D:\DRS\LV3_Doko_Buha\SDK\SDK_Export\hw\imgs\mb_plb.jpg" SVGNAME="D:\DRS\LV3_Doko_Buha\SDK\SDK_Export\hw\imgs\mb_plb.svg" TMPSVGFN="D:\DRS\LV3_Doko_Buha\__xps\.dswkshop\mb_plb.svg"/>

  <RENDERIMG RASNAME="D:\DRS\LV3_Doko_Buha\SDK\SDK_Export\hw\imgs\ilmb.jpg" SVGNAME="D:\DRS\LV3_Doko_Buha\SDK\SDK_Export\hw\imgs\ilmb.svg" TMPSVGFN="D:\DRS\LV3_Doko_Buha\__xps\.dswkshop\ilmb.svg"/>

  <RENDERIMG RASNAME="D:\DRS\LV3_Doko_Buha\SDK\SDK_Export\hw\imgs\dlmb.jpg" SVGNAME="D:\DRS\LV3_Doko_Buha\SDK\SDK_Export\hw\imgs\dlmb.svg" TMPSVGFN="D:\DRS\LV3_Doko_Buha\__xps\.dswkshop\dlmb.svg"/>

  <RENDERIMG RASNAME="D:\DRS\LV3_Doko_Buha\SDK\SDK_Export\hw\imgs\dlmb_cntlr.jpg" SVGNAME="D:\DRS\LV3_Doko_Buha\SDK\SDK_Export\hw\imgs\dlmb_cntlr.svg" TMPSVGFN="D:\DRS\LV3_Doko_Buha\__xps\.dswkshop\dlmb_cntlr.svg"/>

  <RENDERIMG RASNAME="D:\DRS\LV3_Doko_Buha\SDK\SDK_Export\hw\imgs\ilmb_cntlr.jpg" SVGNAME="D:\DRS\LV3_Doko_Buha\SDK\SDK_Export\hw\imgs\ilmb_cntlr.svg" TMPSVGFN="D:\DRS\LV3_Doko_Buha\__xps\.dswkshop\ilmb_cntlr.svg"/>

  <RENDERIMG RASNAME="D:\DRS\LV3_Doko_Buha\SDK\SDK_Export\hw\imgs\lmb_bram.jpg" SVGNAME="D:\DRS\LV3_Doko_Buha\SDK\SDK_Export\hw\imgs\lmb_bram.svg" TMPSVGFN="D:\DRS\LV3_Doko_Buha\__xps\.dswkshop\lmb_bram.svg"/>

  <RENDERIMG RASNAME="D:\DRS\LV3_Doko_Buha\SDK\SDK_Export\hw\imgs\RS232_Uart_1.jpg" SVGNAME="D:\DRS\LV3_Doko_Buha\SDK\SDK_Export\hw\imgs\RS232_Uart_1.svg" TMPSVGFN="D:\DRS\LV3_Doko_Buha\__xps\.dswkshop\RS232_Uart_1.svg"/>

  <RENDERIMG RASNAME="D:\DRS\LV3_Doko_Buha\SDK\SDK_Export\hw\imgs\LEDs_8Bits.jpg" SVGNAME="D:\DRS\LV3_Doko_Buha\SDK\SDK_Export\hw\imgs\LEDs_8Bits.svg" TMPSVGFN="D:\DRS\LV3_Doko_Buha\__xps\.dswkshop\LEDs_8Bits.svg"/>

  <RENDERIMG RASNAME="D:\DRS\LV3_Doko_Buha\SDK\SDK_Export\hw\imgs\PS2_Mouse_Keyboard.jpg" SVGNAME="D:\DRS\LV3_Doko_Buha\SDK\SDK_Export\hw\imgs\PS2_Mouse_Keyboard.svg" TMPSVGFN="D:\DRS\LV3_Doko_Buha\__xps\.dswkshop\PS2_Mouse_Keyboard.svg"/>

  <RENDERIMG RASNAME="D:\DRS\LV3_Doko_Buha\SDK\SDK_Export\hw\imgs\Micron_RAM.jpg" SVGNAME="D:\DRS\LV3_Doko_Buha\SDK\SDK_Export\hw\imgs\Micron_RAM.svg" TMPSVGFN="D:\DRS\LV3_Doko_Buha\__xps\.dswkshop\Micron_RAM.svg"/>

  <RENDERIMG RASNAME="D:\DRS\LV3_Doko_Buha\SDK\SDK_Export\hw\imgs\mem_bus_mux_0.jpg" SVGNAME="D:\DRS\LV3_Doko_Buha\SDK\SDK_Export\hw\imgs\mem_bus_mux_0.svg" TMPSVGFN="D:\DRS\LV3_Doko_Buha\__xps\.dswkshop\mem_bus_mux_0.svg"/>

  <RENDERIMG RASNAME="D:\DRS\LV3_Doko_Buha\SDK\SDK_Export\hw\imgs\clock_generator_0.jpg" SVGNAME="D:\DRS\LV3_Doko_Buha\SDK\SDK_Export\hw\imgs\clock_generator_0.svg" TMPSVGFN="D:\DRS\LV3_Doko_Buha\__xps\.dswkshop\clock_generator_0.svg"/>

  <RENDERIMG RASNAME="D:\DRS\LV3_Doko_Buha\SDK\SDK_Export\hw\imgs\mdm_0.jpg" SVGNAME="D:\DRS\LV3_Doko_Buha\SDK\SDK_Export\hw\imgs\mdm_0.svg" TMPSVGFN="D:\DRS\LV3_Doko_Buha\__xps\.dswkshop\mdm_0.svg"/>

  <RENDERIMG RASNAME="D:\DRS\LV3_Doko_Buha\SDK\SDK_Export\hw\imgs\proc_sys_reset_0.jpg" SVGNAME="D:\DRS\LV3_Doko_Buha\SDK\SDK_Export\hw\imgs\proc_sys_reset_0.svg" TMPSVGFN="D:\DRS\LV3_Doko_Buha\__xps\.dswkshop\proc_sys_reset_0.svg"/>

  <RENDERIMG RASNAME="D:\DRS\LV3_Doko_Buha\SDK\SDK_Export\hw\imgs\VGA_controller.jpg" SVGNAME="D:\DRS\LV3_Doko_Buha\SDK\SDK_Export\hw\imgs\VGA_controller.svg" TMPSVGFN="D:\DRS\LV3_Doko_Buha\__xps\.dswkshop\VGA_controller.svg"/>

  <RENDERIMG RASNAME="D:\DRS\LV3_Doko_Buha\SDK\SDK_Export\hw\imgs\system_blkd.jpg" SVGNAME="D:\DRS\LV3_Doko_Buha\SDK\SDK_Export\hw\imgs\system_blkd.svg" TMPSVGFN="D:\DRS\LV3_Doko_Buha\__xps\.dswkshop\system_blkd.svg"/>

</RENDERBATCH>